,12,13,14,15,16,17,18,19,20,21,moving,n_entry_nodes,n_exit_nodes,n_core_nodes,n_paths,congestion,nb_saturated
0,0.0,0.0,0.0,0.0,0.0,0.0,0.0,0.0,0.0,0.0,46,8,4,10,45,0.0,0
1,0.0,0.0,0.1,0.0,0.0,0.4,1.0,0.3333333333333333,1.0,0.0,46,8,4,10,45,0.3148148148148148,2
2,0.0,0.0,0.1,0.0,0.0,0.0,1.0,0.16666666666666666,0.0,0.0,46,8,4,10,45,0.14074074074074075,1
3,0.0,0.0,0.0,0.14285714285714285,0.1111111111111111,0.0,1.0,0.5,0.0,1.0,46,8,4,10,45,0.1948853615520282,2
4,0.0,0.0,0.1,0.0,0.4444444444444444,0.2,1.0,0.0,1.0,0.0,46,8,4,10,45,0.30493827160493825,2
5,0.0,0.0,0.0,0.0,0.0,0.0,1.0,0.0,1.0,0.0,46,8,4,10,45,0.2222222222222222,2
6,0.0,0.0,0.0,0.0,0.7777777777777778,0.2,1.0,0.0,1.0,0.0,46,8,4,10,45,0.3308641975308642,2
7,0.0,0.0,0.2,0.0,0.4444444444444444,0.6,1.0,0.0,0.0,1.0,46,8,4,10,45,0.24938271604938272,2
8,0.0,0.0,0.0,0.0,0.2222222222222222,0.0,1.0,0.0,1.0,0.0,46,8,4,10,45,0.2469135802469136,2
9,0.0,0.0,0.0,0.14285714285714285,0.0,0.0,1.0,0.0,1.0,0.0,46,8,4,10,45,0.23809523809523808,2
10,0.0,0.0,0.0,0.0,0.0,0.0,0.0,0.0,1.0,0.0,46,8,4,10,45,0.1111111111111111,1
11,0.0,0.0,0.0,0.0,0.2222222222222222,0.2,1.0,0.0,1.0,0.0,46,8,4,10,45,0.2691358024691358,2
12,0.0,0.0,0.0,0.0,0.3333333333333333,0.0,1.0,0.3333333333333333,1.0,0.0,46,8,4,10,45,0.2962962962962963,2
13,0.0,0.0,0.0,0.0,0.3333333333333333,0.4,1.0,0.3333333333333333,0.0,1.0,46,8,4,10,45,0.2296296296296296,2
14,0.0,0.0,0.0,0.14285714285714285,0.2222222222222222,0.2,1.0,0.6666666666666666,1.0,1.0,46,8,4,10,45,0.3590828924162257,3
15,0.0,0.0,0.2,0.0,0.7777777777777778,0.4,0.0,0.6666666666666666,1.0,0.0,46,8,4,10,45,0.33827160493827163,1
16,0.0,0.0,0.0,0.14285714285714285,0.2222222222222222,0.0,1.0,0.3333333333333333,1.0,0.0,46,8,4,10,45,0.2998236331569665,2
17,0.0,0.0,0.0,0.0,0.1111111111111111,0.2,1.0,0.3333333333333333,1.0,0.0,46,8,4,10,45,0.2938271604938272,2
18,0.0,0.0,0.1,0.0,0.5555555555555556,0.0,1.0,0.5,1.0,0.0,46,8,4,10,45,0.35061728395061725,2
19,0.0,0.0,0.0,0.0,0.4444444444444444,0.4,1.0,0.5,1.0,0.0,46,8,4,10,45,0.37160493827160496,2
20,0.0,0.0,0.0,0.0,0.0,0.0,1.0,0.3333333333333333,1.0,0.0,46,8,4,10,45,0.25925925925925924,2
21,0.0,0.0,0.1,0.0,0.3333333333333333,0.4,1.0,0.3333333333333333,1.0,1.0,46,8,4,10,45,0.35185185185185186,3
22,0.0,0.0,0.0,0.0,0.4444444444444444,0.2,0.0,0.16666666666666666,1.0,0.0,46,8,4,10,45,0.20123456790123453,1
23,0.0,0.0,0.0,0.0,0.0,0.0,1.0,0.0,1.0,0.0,46,8,4,10,45,0.2222222222222222,2
24,0.0,0.0,0.0,0.0,0.3333333333333333,0.2,1.0,0.0,1.0,0.0,46,8,4,10,45,0.28148148148148144,2
25,0.0,0.0,0.0,0.0,0.0,0.0,1.0,0.0,1.0,0.0,46,8,4,10,45,0.2222222222222222,2
26,0.0,0.0,0.0,0.0,0.3333333333333333,0.0,1.0,0.16666666666666666,0.0,1.0,46,8,4,10,45,0.16666666666666666,2
27,0.0,0.0,0.0,0.0,0.0,0.0,0.0,0.0,1.0,0.0,46,8,4,10,45,0.1111111111111111,1
28,0.0,0.0,0.0,0.0,0.1111111111111111,0.0,1.0,0.0,1.0,0.0,46,8,4,10,45,0.23456790123456792,2
29,0.0,0.0,0.0,0.0,0.1111111111111111,0.0,0.0,0.3333333333333333,1.0,0.0,46,8,4,10,45,0.16049382716049382,1
30,0.0,0.0,0.1,0.0,0.2222222222222222,0.6,0.0,0.3333333333333333,1.0,1.0,46,8,4,10,45,0.2506172839506173,2
31,0.0,0.0,0.0,0.0,0.1111111111111111,0.2,0.0,0.5,1.0,0.0,46,8,4,10,45,0.20123456790123456,1
32,0.0,0.0,0.0,0.0,0.0,0.0,0.0,0.0,1.0,0.0,46,8,4,10,45,0.1111111111111111,1
33,0.0,0.0,0.1,0.0,0.3333333333333333,0.0,0.0,0.0,1.0,0.0,46,8,4,10,45,0.15925925925925927,1
34,0.0,0.0,0.1,0.0,0.1111111111111111,0.2,1.0,0.5,1.0,0.0,46,8,4,10,45,0.32345679012345685,2
35,0.0,0.0,0.0,0.0,0.1111111111111111,0.0,1.0,0.0,1.0,0.0,46,8,4,10,45,0.23456790123456792,2
36,0.0,0.0,0.0,0.0,0.3333333333333333,0.0,0.0,0.0,1.0,0.0,46,8,4,10,45,0.14814814814814814,1
37,0.0,0.0,0.0,0.0,0.0,0.0,0.0,0.0,0.0,0.0,46,8,4,10,45,0.0,0
38,0.0,0.0,0.0,0.0,0.0,0.2,1.0,0.0,1.0,0.0,46,8,4,10,45,0.24444444444444446,2
39,0.0,0.0,0.0,0.0,0.0,0.4,0.0,0.0,1.0,0.0,46,8,4,10,45,0.15555555555555556,1
40,0.0,0.0,0.0,0.14285714285714285,0.3333333333333333,0.0,1.0,0.16666666666666666,1.0,0.0,46,8,4,10,45,0.29365079365079366,2
41,0.0,0.0,0.0,0.14285714285714285,0.2222222222222222,0.4,0.0,0.3333333333333333,0.0,0.0,46,8,4,10,45,0.1220458553791887,0
42,0.0,0.0,0.0,0.0,0.3333333333333333,0.2,1.0,0.16666666666666666,1.0,1.0,46,8,4,10,45,0.30000000000000004,3
43,0.0,0.0,0.1,0.0,0.1111111111111111,0.4,1.0,0.0,1.0,1.0,46,8,4,10,45,0.29012345679012347,3
44,0.0,0.0,0.1,0.0,0.4444444444444444,0.2,1.0,0.3333333333333333,1.0,0.0,46,8,4,10,45,0.3419753086419753,2
45,0.0,0.0,0.0,0.0,0.2222222222222222,0.0,1.0,0.3333333333333333,1.0,0.0,46,8,4,10,45,0.2839506172839506,2
46,0.0,0.0,0.0,0.0,0.6666666666666666,0.0,1.0,0.6666666666666666,0.0,0.0,46,8,4,10,45,0.25925925925925924,1
47,0.0,0.0,0.0,0.14285714285714285,0.2222222222222222,0.0,1.0,0.3333333333333333,1.0,0.0,46,8,4,10,45,0.2998236331569665,2
48,0.0,0.0,0.0,0.14285714285714285,0.2222222222222222,0.0,1.0,0.16666666666666666,1.0,1.0,46,8,4,10,45,0.281305114638448,3
49,0.0,0.0,0.0,0.0,0.0,0.0,1.0,0.0,1.0,0.0,46,8,4,10,45,0.2222222222222222,2
50,0.0,0.0,0.0,0.0,0.1111111111111111,0.0,1.0,0.0,1.0,0.0,46,8,4,10,45,0.23456790123456792,2
51,0.0,0.0,0.0,0.0,0.1111111111111111,0.0,0.0,0.0,1.0,1.0,46,8,4,10,45,0.1234567901234568,2
52,0.0,0.0,0.0,0.0,0.2222222222222222,0.0,1.0,0.16666666666666666,1.0,0.0,46,8,4,10,45,0.2654320987654321,2
53,0.0,0.0,0.0,0.0,0.0,0.0,1.0,0.0,0.0,0.0,46,8,4,10,45,0.1111111111111111,1
54,0.0,0.0,0.0,0.0,0.0,0.2,1.0,0.0,1.0,0.0,46,8,4,10,45,0.24444444444444446,2
55,0.0,0.0,0.0,0.0,0.2222222222222222,0.0,0.0,0.6666666666666666,0.0,0.0,46,8,4,10,45,0.09876543209876543,0
56,0.0,0.0,0.0,0.0,0.0,0.0,0.0,0.0,0.0,0.0,46,8,4,10,45,0.0,0
57,0.0,0.0,0.0,0.0,0.4444444444444444,0.0,1.0,0.16666666666666666,1.0,0.0,46,8,4,10,45,0.29012345679012347,2
58,0.0,0.0,0.0,0.0,0.0,0.0,1.0,0.0,0.0,0.0,46,8,4,10,45,0.1111111111111111,1
59,0.0,0.0,0.0,0.0,0.0,0.2,1.0,0.0,0.0,0.0,46,8,4,10,45,0.13333333333333333,1
60,0.0,0.0,0.0,0.0,0.0,0.0,1.0,0.0,0.0,0.0,46,8,4,10,45,0.1111111111111111,1
61,0.0,0.0,0.0,0.0,0.3333333333333333,0.2,1.0,0.16666666666666666,1.0,1.0,46,8,4,10,45,0.30000000000000004,3
62,0.0,0.0,0.0,0.0,0.6666666666666666,0.4,0.0,0.0,0.0,0.0,46,8,4,10,45,0.11851851851851852,0
63,0.0,0.0,0.0,0.14285714285714285,0.3333333333333333,0.2,1.0,0.3333333333333333,1.0,1.0,46,8,4,10,45,0.3343915343915344,3
64,0.0,0.0,0.0,0.0,0.4444444444444444,0.2,1.0,0.16666666666666666,1.0,0.0,46,8,4,10,45,0.31234567901234567,2
65,0.0,0.0,0.0,0.0,0.3333333333333333,0.4,1.0,0.3333333333333333,1.0,1.0,46,8,4,10,45,0.34074074074074073,3
66,0.0,0.0,0.1,0.14285714285714285,0.4444444444444444,0.2,1.0,0.16666666666666666,0.0,0.0,46,8,4,10,45,0.22821869488536153,1
67,0.0,0.0,0.1,0.0,0.4444444444444444,0.2,0.0,0.3333333333333333,1.0,0.0,46,8,4,10,45,0.23086419753086418,1
68,0.0,0.0,0.0,0.0,0.3333333333333333,0.2,1.0,0.0,0.0,0.0,46,8,4,10,45,0.17037037037037037,1
69,0.0,0.0,0.0,0.14285714285714285,0.3333333333333333,0.0,1.0,0.5,1.0,0.0,46,8,4,10,45,0.3306878306878307,2
70,0.0,0.0,0.0,0.14285714285714285,0.3333333333333333,0.0,1.0,0.5,1.0,0.0,46,8,4,10,45,0.3306878306878307,2
71,0.0,0.0,0.0,0.0,0.8888888888888888,0.2,1.0,0.3333333333333333,0.0,0.0,46,8,4,10,45,0.26913580246913577,1
72,0.0,0.0,0.0,0.0,0.2222222222222222,0.0,1.0,0.16666666666666666,1.0,0.0,46,8,4,10,45,0.2654320987654321,2
73,0.0,0.0,0.0,0.2857142857142857,0.1111111111111111,0.4,1.0,0.3333333333333333,1.0,1.0,46,8,4,10,45,0.3477954144620811,3
74,0.0,0.0,0.0,0.0,0.0,0.0,1.0,0.3333333333333333,1.0,0.0,46,8,4,10,45,0.25925925925925924,2
75,0.0,0.0,0.1,0.0,0.0,0.0,1.0,0.0,1.0,0.0,46,8,4,10,45,0.23333333333333334,2
76,0.0,0.0,0.0,0.0,0.1111111111111111,0.0,0.0,0.0,0.0,1.0,46,8,4,10,45,0.012345679012345678,1
77,0.0,0.0,0.0,0.14285714285714285,0.2222222222222222,0.0,1.0,0.0,1.0,1.0,46,8,4,10,45,0.26278659611992944,3
78,0.0,0.0,0.0,0.0,0.0,0.0,1.0,0.0,0.0,0.0,46,8,4,10,45,0.1111111111111111,1
79,0.0,0.0,0.0,0.0,0.0,0.0,1.0,0.0,0.0,0.0,46,8,4,10,45,0.1111111111111111,1
80,0.0,0.0,0.0,0.0,0.2222222222222222,0.0,1.0,0.3333333333333333,1.0,0.0,46,8,4,10,45,0.2839506172839506,2
81,0.0,0.0,0.1,0.0,0.1111111111111111,0.0,1.0,0.16666666666666666,0.0,0.0,46,8,4,10,45,0.15308641975308646,1
82,0.0,0.0,0.1,0.0,0.0,0.2,1.0,0.16666666666666666,1.0,0.0,46,8,4,10,45,0.2740740740740741,2
83,0.0,0.0,0.0,0.0,0.0,0.0,0.0,0.3333333333333333,0.0,0.0,46,8,4,10,45,0.037037037037037035,0
84,0.0,0.0,0.0,0.0,0.3333333333333333,0.0,1.0,0.16666666666666666,1.0,0.0,46,8,4,10,45,0.2777777777777778,2
85,0.0,0.0,0.1,0.0,0.1111111111111111,0.4,1.0,0.16666666666666666,0.0,0.0,46,8,4,10,45,0.19753086419753088,1
86,0.0,0.0,0.0,0.0,0.3333333333333333,0.2,1.0,0.3333333333333333,1.0,0.0,46,8,4,10,45,0.31851851851851853,2
87,0.0,0.0,0.0,0.14285714285714285,0.0,0.0,1.0,0.5,1.0,0.0,46,8,4,10,45,0.29365079365079366,2
88,0.0,0.0,0.0,0.14285714285714285,0.3333333333333333,0.4,1.0,0.3333333333333333,0.0,0.0,46,8,4,10,45,0.24550264550264547,1
89,0.0,0.0,0.0,0.14285714285714285,0.4444444444444444,0.0,0.0,0.6666666666666666,1.0,1.0,46,8,4,10,45,0.25044091710758376,2
90,0.0,0.0,0.1,0.0,0.0,0.0,1.0,0.5,1.0,0.0,46,8,4,10,45,0.2888888888888889,2
91,0.0,0.0,0.0,0.0,0.1111111111111111,0.0,1.0,0.16666666666666666,1.0,1.0,46,8,4,10,45,0.25308641975308643,3
92,0.0,0.0,0.0,0.14285714285714285,0.6666666666666666,0.0,1.0,0.5,1.0,0.0,46,8,4,10,45,0.3677248677248677,2
93,0.0,0.0,0.0,0.0,0.3333333333333333,0.0,1.0,0.5,0.0,1.0,46,8,4,10,45,0.2037037037037037,2
94,0.0,0.0,0.0,0.0,0.0,0.0,1.0,0.3333333333333333,1.0,1.0,46,8,4,10,45,0.25925925925925924,3
95,0.0,0.0,0.0,0.0,0.2222222222222222,0.0,0.0,0.16666666666666666,1.0,1.0,46,8,4,10,45,0.15432098765432098,2
96,0.0,0.0,0.0,0.0,0.2222222222222222,0.4,1.0,0.0,1.0,1.0,46,8,4,10,45,0.291358024691358,3
97,0.0,0.0,0.0,0.0,0.6666666666666666,0.2,1.0,0.3333333333333333,1.0,1.0,46,8,4,10,45,0.35555555555555557,3
98,0.0,0.0,0.0,0.14285714285714285,0.2222222222222222,0.0,1.0,0.3333333333333333,1.0,1.0,46,8,4,10,45,0.2998236331569665,3
99,0.0,0.0,0.0,0.0,0.0,0.0,1.0,0.0,1.0,0.0,46,8,4,10,45,0.2222222222222222,2
100,0.0,0.0,0.0,0.0,0.0,0.0,1.0,0.0,1.0,0.0,46,8,4,10,45,0.2222222222222222,2
101,0.0,0.0,0.0,0.0,0.0,0.2,1.0,0.0,1.0,0.0,46,8,4,10,45,0.24444444444444446,2
102,0.0,0.0,0.0,0.0,0.0,0.0,1.0,0.0,0.0,0.0,46,8,4,10,45,0.1111111111111111,1
103,0.0,0.0,0.0,0.0,0.0,0.0,0.0,0.0,1.0,0.0,46,8,4,10,45,0.1111111111111111,1
104,0.0,0.0,0.0,0.14285714285714285,0.0,0.0,1.0,0.0,1.0,0.0,46,8,4,10,45,0.23809523809523808,2
105,0.0,0.0,0.0,0.0,0.0,0.0,0.0,0.16666666666666666,1.0,0.0,46,8,4,10,45,0.12962962962962965,1
106,0.0,0.0,0.0,0.14285714285714285,0.3333333333333333,0.0,1.0,0.0,1.0,0.0,46,8,4,10,45,0.2751322751322751,2
107,0.0,0.0,0.0,0.0,0.0,0.0,0.0,0.0,1.0,0.0,46,8,4,10,45,0.1111111111111111,1
108,0.0,0.0,0.0,0.0,0.2222222222222222,0.2,1.0,0.3333333333333333,0.0,1.0,46,8,4,10,45,0.19506172839506172,2
109,0.0,0.0,0.0,0.0,0.0,0.0,0.0,0.0,0.0,0.0,46,8,4,10,45,0.0,0
110,0.0,0.0,0.0,0.14285714285714285,0.0,0.0,0.0,0.0,0.0,0.0,46,8,4,10,45,0.015873015873015872,0
111,0.0,0.0,0.0,0.0,0.0,0.4,1.0,0.16666666666666666,1.0,0.0,46,8,4,10,45,0.2851851851851852,2
112,0.0,0.0,0.0,0.14285714285714285,0.1111111111111111,0.2,1.0,0.0,1.0,0.0,46,8,4,10,45,0.272663139329806,2
113,0.0,0.0,0.0,0.14285714285714285,0.3333333333333333,0.2,1.0,0.3333333333333333,1.0,1.0,46,8,4,10,45,0.3343915343915344,3
114,0.0,0.0,0.0,0.0,0.4444444444444444,0.0,1.0,0.5,0.0,0.0,46,8,4,10,45,0.21604938271604937,1
115,0.0,0.0,0.1,0.14285714285714285,0.3333333333333333,0.4,1.0,0.0,1.0,1.0,46,8,4,10,45,0.3306878306878307,3
116,0.0,0.0,0.1,0.14285714285714285,0.2222222222222222,0.2,1.0,0.6666666666666666,1.0,0.0,46,8,4,10,45,0.37019400352733683,2
117,0.0,0.0,0.0,0.0,0.0,0.0,1.0,0.0,0.0,0.0,46,8,4,10,45,0.1111111111111111,1
118,0.0,0.0,0.1,0.0,0.0,0.2,1.0,0.3333333333333333,1.0,1.0,46,8,4,10,45,0.29259259259259257,3
119,0.0,0.0,0.0,0.0,0.5555555555555556,0.4,1.0,0.0,1.0,0.0,46,8,4,10,45,0.32839506172839505,2
120,0.0,0.0,0.1,0.14285714285714285,0.4444444444444444,0.4,0.0,0.16666666666666666,1.0,0.0,46,8,4,10,45,0.25044091710758376,1
121,0.0,0.0,0.0,0.0,0.1111111111111111,0.2,1.0,0.16666666666666666,1.0,1.0,46,8,4,10,45,0.27530864197530863,3
122,0.0,0.0,0.0,0.0,0.1111111111111111,0.0,1.0,0.16666666666666666,0.0,0.0,46,8,4,10,45,0.14197530864197533,1
123,0.0,0.0,0.0,0.0,0.3333333333333333,0.0,1.0,0.3333333333333333,1.0,0.0,46,8,4,10,45,0.2962962962962963,2
124,0.0,0.0,0.0,0.0,0.0,0.0,1.0,0.0,1.0,0.0,46,8,4,10,45,0.2222222222222222,2
125,0.0,0.0,0.0,0.0,0.0,0.0,1.0,0.0,1.0,0.0,46,8,4,10,45,0.2222222222222222,2
126,0.0,0.0,0.0,0.0,0.1111111111111111,0.0,0.0,0.0,1.0,0.0,46,8,4,10,45,0.1234567901234568,1
127,0.0,0.0,0.0,0.0,0.1111111111111111,0.0,1.0,0.0,0.0,0.0,46,8,4,10,45,0.1234567901234568,1
128,0.0,0.0,0.0,0.0,0.3333333333333333,0.0,0.0,0.0,1.0,0.0,46,8,4,10,45,0.14814814814814814,1
129,0.0,0.0,0.0,0.0,0.1111111111111111,0.0,0.0,0.0,0.0,0.0,46,8,4,10,45,0.012345679012345678,0
130,0.0,0.0,0.1,0.0,0.3333333333333333,0.0,0.0,0.16666666666666666,1.0,1.0,46,8,4,10,45,0.17777777777777778,2
131,0.0,0.0,0.0,0.0,0.2222222222222222,0.2,0.0,0.0,1.0,0.0,46,8,4,10,45,0.1580246913580247,1
132,0.0,0.0,0.2,0.0,0.1111111111111111,0.0,1.0,0.16666666666666666,1.0,1.0,46,8,4,10,45,0.27530864197530863,3
133,0.0,0.0,0.0,0.2857142857142857,0.0,0.0,0.0,0.0,1.0,0.0,46,8,4,10,45,0.14285714285714285,1
134,0.0,0.0,0.0,0.0,0.2222222222222222,0.2,1.0,0.16666666666666666,1.0,0.0,46,8,4,10,45,0.2876543209876543,2
135,0.0,0.0,0.0,0.0,0.0,0.0,0.0,0.0,0.0,0.0,46,8,4,10,45,0.0,0
136,0.0,0.0,0.0,0.0,0.1111111111111111,0.2,1.0,0.16666666666666666,1.0,0.0,46,8,4,10,45,0.27530864197530863,2
137,0.0,0.0,0.0,0.0,0.0,0.0,0.0,0.16666666666666666,0.0,0.0,46,8,4,10,45,0.018518518518518517,0
138,0.0,0.0,0.0,0.0,0.2222222222222222,0.0,1.0,0.6666666666666666,1.0,0.0,46,8,4,10,45,0.32098765432098764,2
139,0.0,0.0,0.0,0.0,0.1111111111111111,0.0,1.0,0.3333333333333333,0.0,0.0,46,8,4,10,45,0.16049382716049382,1
140,0.0,0.0,0.0,0.0,0.0,0.0,1.0,0.3333333333333333,0.0,0.0,46,8,4,10,45,0.14814814814814814,1
141,0.0,0.0,0.0,0.0,0.2222222222222222,0.2,0.0,0.0,0.0,0.0,46,8,4,10,45,0.04691358024691358,0
142,0.0,0.0,0.1,0.0,0.1111111111111111,0.6,1.0,0.0,1.0,0.0,46,8,4,10,45,0.31234567901234567,2
143,0.0,0.0,0.0,0.0,0.6666666666666666,0.0,0.0,0.0,1.0,0.0,46,8,4,10,45,0.18518518518518517,1
144,0.0,0.0,0.0,0.0,0.3333333333333333,0.2,1.0,0.3333333333333333,0.0,0.0,46,8,4,10,45,0.2074074074074074,1
145,0.0,0.0,0.0,0.0,0.2222222222222222,0.2,1.0,0.16666666666666666,0.0,0.0,46,8,4,10,45,0.17654320987654323,1
146,0.0,0.0,0.0,0.0,0.2222222222222222,0.2,1.0,0.3333333333333333,1.0,0.0,46,8,4,10,45,0.30617283950617286,2
147,0.0,0.0,0.0,0.0,0.4444444444444444,0.0,1.0,0.16666666666666666,1.0,1.0,46,8,4,10,45,0.29012345679012347,3
148,0.0,0.0,0.0,0.0,0.4444444444444444,0.2,1.0,0.3333333333333333,1.0,0.0,46,8,4,10,45,0.3308641975308642,2
149,0.0,0.0,0.0,0.0,0.2222222222222222,0.0,1.0,0.0,1.0,0.0,46,8,4,10,45,0.2469135802469136,2
150,0.0,0.0,0.0,0.0,0.0,0.0,0.0,0.0,1.0,0.0,46,8,4,10,45,0.1111111111111111,1
151,0.0,0.0,0.0,0.0,0.0,0.2,1.0,0.0,1.0,0.0,46,8,4,10,45,0.24444444444444446,2
152,0.0,0.0,0.0,0.0,0.0,0.0,0.0,0.0,1.0,0.0,46,8,4,10,45,0.1111111111111111,1
153,0.0,0.0,0.2,0.14285714285714285,0.3333333333333333,0.0,1.0,0.5,1.0,1.0,46,8,4,10,45,0.3529100529100529,3
154,0.0,0.0,0.0,0.2857142857142857,0.3333333333333333,0.0,0.0,0.0,0.0,1.0,46,8,4,10,45,0.06878306878306878,1
155,0.0,0.0,0.0,0.0,0.0,0.0,1.0,0.0,1.0,0.0,46,8,4,10,45,0.2222222222222222,2
156,0.0,0.0,0.0,0.14285714285714285,0.0,0.0,0.0,0.16666666666666666,1.0,0.0,46,8,4,10,45,0.1455026455026455,1
157,0.0,0.0,0.0,0.0,0.1111111111111111,0.0,0.0,0.16666666666666666,1.0,0.0,46,8,4,10,45,0.1419753086419753,1
158,0.0,0.0,0.0,0.0,0.2222222222222222,0.0,0.0,1.0,1.0,0.0,46,8,4,10,45,0.2469135802469136,2
159,0.0,0.0,0.0,0.0,0.0,0.0,0.0,0.0,1.0,0.0,46,8,4,10,45,0.1111111111111111,1
160,0.0,0.0,0.1,0.0,0.1111111111111111,0.2,0.0,0.0,1.0,0.0,46,8,4,10,45,0.1567901234567901,1
161,0.0,0.0,0.0,0.14285714285714285,0.2222222222222222,0.0,1.0,0.3333333333333333,1.0,1.0,46,8,4,10,45,0.2998236331569665,3
162,0.0,0.0,0.0,0.0,0.2222222222222222,0.2,1.0,0.16666666666666666,0.0,1.0,46,8,4,10,45,0.17654320987654323,2
163,0.0,0.0,0.0,0.0,0.4444444444444444,0.0,0.0,0.16666666666666666,1.0,1.0,46,8,4,10,45,0.17901234567901236,2
164,0.0,0.0,0.0,0.0,0.0,0.0,1.0,0.16666666666666666,0.0,0.0,46,8,4,10,45,0.12962962962962965,1
165,0.0,0.0,0.0,0.0,0.5555555555555556,0.6,1.0,0.3333333333333333,1.0,1.0,46,8,4,10,45,0.38765432098765434,3
166,0.0,0.0,0.1,0.14285714285714285,0.4444444444444444,0.2,1.0,0.16666666666666666,1.0,0.0,46,8,4,10,45,0.33932980599647267,2
167,0.0,0.0,0.1,0.0,0.3333333333333333,0.2,1.0,0.16666666666666666,1.0,1.0,46,8,4,10,45,0.3111111111111111,3
168,0.0,0.0,0.0,0.14285714285714285,0.3333333333333333,0.4,0.0,0.3333333333333333,0.0,0.0,46,8,4,10,45,0.1343915343915344,0
169,0.0,0.0,0.0,0.0,0.4444444444444444,0.2,1.0,0.16666666666666666,1.0,1.0,46,8,4,10,45,0.31234567901234567,3
170,0.0,0.0,0.0,0.0,0.0,0.0,1.0,0.0,1.0,0.0,46,8,4,10,45,0.2222222222222222,2
171,0.0,0.0,0.0,0.0,0.1111111111111111,0.4,1.0,0.16666666666666666,1.0,0.0,46,8,4,10,45,0.2975308641975309,2
172,0.0,0.0,0.0,0.0,0.2222222222222222,0.2,1.0,0.0,1.0,0.0,46,8,4,10,45,0.2691358024691358,2
173,0.0,0.0,0.1,0.0,0.0,0.2,1.0,0.3333333333333333,1.0,0.0,46,8,4,10,45,0.29259259259259257,2
174,0.0,0.0,0.0,0.0,0.1111111111111111,0.0,1.0,0.3333333333333333,1.0,1.0,46,8,4,10,45,0.271604938271605,3
175,0.0,0.0,0.0,0.0,0.0,0.0,1.0,0.16666666666666666,1.0,0.0,46,8,4,10,45,0.24074074074074078,2
176,0.0,0.0,0.0,0.0,0.1111111111111111,0.0,1.0,0.0,1.0,0.0,46,8,4,10,45,0.23456790123456792,2
177,0.0,0.0,0.0,0.0,0.0,0.0,1.0,0.0,1.0,0.0,46,8,4,10,45,0.2222222222222222,2
178,0.0,0.0,0.0,0.0,0.2222222222222222,0.2,1.0,0.3333333333333333,0.0,0.0,46,8,4,10,45,0.19506172839506172,1
179,0.0,0.0,0.0,0.0,0.0,0.0,1.0,0.0,0.0,0.0,46,8,4,10,45,0.1111111111111111,1
180,0.0,0.0,0.0,0.0,0.0,0.0,1.0,0.0,0.0,0.0,46,8,4,10,45,0.1111111111111111,1
181,0.0,0.0,0.0,0.0,0.0,0.0,1.0,0.0,0.0,0.0,46,8,4,10,45,0.1111111111111111,1
182,0.0,0.0,0.0,0.0,0.0,0.2,1.0,0.3333333333333333,1.0,0.0,46,8,4,10,45,0.28148148148148144,2
183,0.0,0.0,0.0,0.0,0.1111111111111111,0.0,1.0,0.3333333333333333,1.0,1.0,46,8,4,10,45,0.271604938271605,3
184,0.0,0.0,0.0,0.14285714285714285,0.0,0.0,0.0,0.0,0.0,0.0,46,8,4,10,45,0.015873015873015872,0
185,0.0,0.0,0.0,0.0,0.1111111111111111,0.2,1.0,0.0,1.0,1.0,46,8,4,10,45,0.2567901234567901,3
186,0.0,0.0,0.0,0.0,0.0,0.4,1.0,0.5,1.0,0.0,46,8,4,10,45,0.3222222222222222,2
187,0.0,0.0,0.0,0.14285714285714285,0.3333333333333333,0.2,1.0,0.3333333333333333,0.0,0.0,46,8,4,10,45,0.22328042328042327,1
188,0.0,0.0,0.1,0.0,0.2222222222222222,0.2,1.0,0.5,1.0,1.0,46,8,4,10,45,0.3358024691358025,3
189,0.0,0.0,0.0,0.0,0.0,0.0,1.0,0.0,1.0,0.0,46,8,4,10,45,0.2222222222222222,2
190,0.0,0.0,0.2,0.0,0.1111111111111111,0.2,1.0,0.0,1.0,0.0,46,8,4,10,45,0.27901234567901234,2
191,0.0,0.0,0.0,0.14285714285714285,0.2222222222222222,0.2,1.0,0.5,1.0,0.0,46,8,4,10,45,0.3405643738977073,2
192,0.0,0.0,0.1,0.2857142857142857,0.6666666666666666,0.2,1.0,0.5,1.0,1.0,46,8,4,10,45,0.41693121693121693,3
193,0.0,0.0,0.0,0.0,0.1111111111111111,0.0,1.0,0.0,0.0,0.0,46,8,4,10,45,0.1234567901234568,1
194,0.0,0.0,0.1,0.14285714285714285,0.1111111111111111,0.6,1.0,0.5,1.0,1.0,46,8,4,10,45,0.3837742504409171,3
195,0.0,0.0,0.0,0.0,0.5555555555555556,0.4,1.0,0.16666666666666666,1.0,1.0,46,8,4,10,45,0.3469135802469136,3
196,0.0,0.0,0.1,0.0,0.5555555555555556,0.2,1.0,0.0,1.0,0.0,46,8,4,10,45,0.317283950617284,2
197,0.0,0.0,0.0,0.0,0.1111111111111111,0.0,0.0,0.0,1.0,0.0,46,8,4,10,45,0.1234567901234568,1
198,0.0,0.0,0.1,0.0,0.6666666666666666,0.2,1.0,0.16666666666666666,1.0,1.0,46,8,4,10,45,0.34814814814814815,3
199,0.0,0.0,0.1,0.14285714285714285,0.1111111111111111,0.2,1.0,0.0,0.0,0.0,46,8,4,10,45,0.172663139329806,1
200,0.0,0.0,0.0,0.0,0.0,0.0,1.0,0.16666666666666666,1.0,1.0,46,8,4,10,45,0.24074074074074078,3
201,0.0,0.0,0.0,0.0,0.1111111111111111,0.0,1.0,0.0,1.0,0.0,46,8,4,10,45,0.23456790123456792,2
202,0.0,0.0,0.1,0.0,0.0,0.0,1.0,0.0,1.0,0.0,46,8,4,10,45,0.23333333333333334,2
203,0.0,0.0,0.1,0.0,0.4444444444444444,0.0,1.0,0.5,1.0,0.0,46,8,4,10,45,0.3382716049382716,2
204,0.0,0.0,0.0,0.0,0.0,0.0,1.0,0.0,1.0,0.0,46,8,4,10,45,0.2222222222222222,2
205,0.0,0.0,0.0,0.0,0.4444444444444444,0.2,1.0,0.16666666666666666,1.0,0.0,46,8,4,10,45,0.31234567901234567,2
206,0.0,0.0,0.0,0.0,0.2222222222222222,0.2,0.0,0.16666666666666666,1.0,1.0,46,8,4,10,45,0.17654320987654323,2
207,0.0,0.0,0.0,0.0,0.5555555555555556,0.0,1.0,0.0,1.0,0.0,46,8,4,10,45,0.2839506172839506,2
208,0.0,0.0,0.0,0.14285714285714285,0.8888888888888888,0.4,1.0,0.6666666666666666,1.0,0.0,46,8,4,10,45,0.45537918871252203,2
209,0.0,0.0,0.1,0.0,0.0,0.0,1.0,0.3333333333333333,0.0,0.0,46,8,4,10,45,0.15925925925925927,1
210,0.0,0.0,0.0,0.14285714285714285,0.4444444444444444,0.0,1.0,0.3333333333333333,1.0,0.0,46,8,4,10,45,0.32451499118165783,2
211,0.0,0.0,0.0,0.14285714285714285,0.4444444444444444,0.0,1.0,0.3333333333333333,1.0,1.0,46,8,4,10,45,0.32451499118165783,3
212,0.0,0.0,0.0,0.0,0.1111111111111111,0.0,1.0,0.5,1.0,0.0,46,8,4,10,45,0.29012345679012347,2
213,0.0,0.0,0.0,0.0,0.0,0.0,1.0,0.0,1.0,0.0,46,8,4,10,45,0.2222222222222222,2
214,0.0,0.0,0.0,0.0,0.3333333333333333,0.4,1.0,0.0,1.0,0.0,46,8,4,10,45,0.3037037037037037,2
215,0.0,0.0,0.0,0.0,0.2222222222222222,0.0,1.0,0.16666666666666666,1.0,1.0,46,8,4,10,45,0.2654320987654321,3
216,0.0,0.0,0.0,0.0,0.2222222222222222,0.0,1.0,0.16666666666666666,1.0,1.0,46,8,4,10,45,0.2654320987654321,3
217,0.0,0.0,0.0,0.14285714285714285,0.5555555555555556,0.0,1.0,0.8333333333333334,1.0,0.0,46,8,4,10,45,0.39241622574955914,2
218,0.0,0.0,0.0,0.14285714285714285,0.0,0.0,1.0,0.0,1.0,1.0,46,8,4,10,45,0.23809523809523808,3
219,0.0,0.0,0.0,0.0,0.3333333333333333,0.2,1.0,0.5,0.0,0.0,46,8,4,10,45,0.22592592592592592,1
220,0.0,0.0,0.0,0.14285714285714285,0.3333333333333333,0.0,1.0,0.5,1.0,1.0,46,8,4,10,45,0.3306878306878307,3
221,0.0,0.0,0.0,0.0,0.7777777777777778,0.4,0.0,0.5,1.0,0.0,46,8,4,10,45,0.2975308641975309,1
222,0.0,0.0,0.1,0.14285714285714285,0.6666666666666666,0.2,1.0,0.16666666666666666,1.0,1.0,46,8,4,10,45,0.364021164021164,3
223,0.0,0.0,0.1,0.0,0.4444444444444444,0.2,1.0,0.6666666666666666,1.0,0.0,46,8,4,10,45,0.3790123456790123,2
224,0.0,0.0,0.0,0.0,0.4444444444444444,0.6,1.0,1.0,1.0,1.0,46,8,4,10,45,0.4493827160493827,4
225,0.0,0.0,0.0,0.0,0.2222222222222222,0.0,1.0,0.16666666666666666,1.0,1.0,46,8,4,10,45,0.2654320987654321,3
226,0.0,0.0,0.0,0.0,0.0,0.2,1.0,0.0,1.0,1.0,46,8,4,10,45,0.24444444444444446,3
227,0.0,0.0,0.0,0.0,0.0,0.0,1.0,0.0,1.0,0.0,46,8,4,10,45,0.2222222222222222,2
228,0.0,0.0,0.0,0.2857142857142857,0.1111111111111111,0.0,1.0,0.0,1.0,0.0,46,8,4,10,45,0.26631393298059963,2
229,0.0,0.0,0.0,0.0,0.2222222222222222,0.0,1.0,0.0,1.0,0.0,46,8,4,10,45,0.2469135802469136,2
230,0.0,0.0,0.0,0.0,0.1111111111111111,0.2,1.0,0.0,1.0,0.0,46,8,4,10,45,0.2567901234567901,2
231,0.0,0.0,0.0,0.0,0.3333333333333333,0.0,1.0,0.0,1.0,0.0,46,8,4,10,45,0.25925925925925924,2
232,0.0,0.0,0.0,0.0,0.0,0.0,1.0,0.16666666666666666,1.0,0.0,46,8,4,10,45,0.24074074074074078,2
233,0.0,0.0,0.0,0.14285714285714285,0.1111111111111111,0.0,1.0,0.3333333333333333,1.0,0.0,46,8,4,10,45,0.2874779541446208,2
234,0.0,0.0,0.0,0.0,0.1111111111111111,0.0,1.0,0.16666666666666666,1.0,0.0,46,8,4,10,45,0.25308641975308643,2
235,0.0,0.0,0.0,0.0,0.0,0.0,0.0,0.0,1.0,0.0,46,8,4,10,45,0.1111111111111111,1
236,0.0,0.0,0.1,0.0,0.1111111111111111,0.0,1.0,0.0,1.0,0.0,46,8,4,10,45,0.24567901234567902,2
237,0.0,0.0,0.0,0.0,0.1111111111111111,0.0,1.0,0.0,0.0,0.0,46,8,4,10,45,0.1234567901234568,1
238,0.0,0.0,0.0,0.0,0.0,0.0,1.0,0.0,1.0,0.0,46,8,4,10,45,0.2222222222222222,2
239,0.0,0.0,0.0,0.14285714285714285,0.2222222222222222,0.0,1.0,0.16666666666666666,1.0,0.0,46,8,4,10,45,0.281305114638448,2
240,0.0,0.0,0.0,0.14285714285714285,0.4444444444444444,0.2,1.0,0.3333333333333333,1.0,0.0,46,8,4,10,45,0.3467372134038801,2
241,0.0,0.0,0.0,0.14285714285714285,0.2222222222222222,0.2,1.0,0.0,1.0,1.0,46,8,4,10,45,0.28500881834215164,3
242,0.0,0.0,0.0,0.14285714285714285,0.3333333333333333,0.0,1.0,0.0,1.0,0.0,46,8,4,10,45,0.2751322751322751,2
243,0.0,0.0,0.0,0.0,0.1111111111111111,0.0,0.0,0.3333333333333333,1.0,0.0,46,8,4,10,45,0.16049382716049382,1
244,0.0,0.0,0.1,0.0,0.0,0.0,1.0,0.5,1.0,1.0,46,8,4,10,45,0.2888888888888889,3
245,0.0,0.0,0.0,0.14285714285714285,0.1111111111111111,0.0,1.0,0.5,1.0,0.0,46,8,4,10,45,0.30599647266313934,2
246,0.0,0.0,0.2,0.14285714285714285,0.2222222222222222,0.2,1.0,0.16666666666666666,1.0,0.0,46,8,4,10,45,0.32574955908289244,2
247,0.0,0.0,0.0,0.0,0.1111111111111111,0.2,1.0,0.16666666666666666,1.0,0.0,46,8,4,10,45,0.27530864197530863,2
248,0.0,0.0,0.0,0.0,0.2222222222222222,0.2,1.0,0.5,1.0,0.0,46,8,4,10,45,0.3246913580246914,2
249,0.0,0.0,0.0,0.14285714285714285,0.2222222222222222,0.8,1.0,0.5,0.0,1.0,46,8,4,10,45,0.29611992945326276,2
250,0.0,0.0,0.0,0.0,0.3333333333333333,0.0,1.0,0.0,1.0,0.0,46,8,4,10,45,0.25925925925925924,2
251,0.0,0.0,0.0,0.0,0.0,0.0,1.0,0.0,0.0,0.0,46,8,4,10,45,0.1111111111111111,1
252,0.0,0.0,0.0,0.0,0.1111111111111111,0.2,1.0,0.0,0.0,0.0,46,8,4,10,45,0.145679012345679,1
253,0.0,0.0,0.1,0.0,0.3333333333333333,0.0,1.0,0.16666666666666666,0.0,0.0,46,8,4,10,45,0.17777777777777778,1
254,0.0,0.0,0.0,0.0,0.0,0.0,1.0,0.0,0.0,0.0,46,8,4,10,45,0.1111111111111111,1
255,0.0,0.0,0.0,0.0,0.3333333333333333,0.0,1.0,0.0,1.0,0.0,46,8,4,10,45,0.25925925925925924,2
256,0.0,0.0,0.0,0.0,0.0,0.0,1.0,0.0,0.0,0.0,46,8,4,10,45,0.1111111111111111,1
257,0.0,0.0,0.0,0.0,0.2222222222222222,0.4,1.0,0.0,1.0,0.0,46,8,4,10,45,0.291358024691358,2
258,0.0,0.0,0.1,0.0,1.0,0.0,1.0,0.3333333333333333,1.0,0.0,46,8,4,10,45,0.3814814814814815,3
259,0.0,0.0,0.0,0.0,0.1111111111111111,0.2,1.0,0.3333333333333333,1.0,0.0,46,8,4,10,45,0.2938271604938272,2
260,0.0,0.0,0.0,0.0,0.0,0.0,1.0,0.0,0.0,0.0,46,8,4,10,45,0.1111111111111111,1
261,0.0,0.0,0.0,0.0,0.0,0.0,1.0,0.0,1.0,0.0,46,8,4,10,45,0.2222222222222222,2
262,0.0,0.0,0.0,0.14285714285714285,0.4444444444444444,0.0,1.0,0.5,1.0,0.0,46,8,4,10,45,0.3430335097001764,2
263,0.0,0.0,0.0,0.0,0.3333333333333333,0.0,1.0,0.16666666666666666,0.0,0.0,46,8,4,10,45,0.16666666666666666,1
264,0.0,0.0,0.0,0.0,0.2222222222222222,0.0,0.0,0.16666666666666666,1.0,1.0,46,8,4,10,45,0.15432098765432098,2
265,0.0,0.0,0.0,0.0,0.2222222222222222,0.0,1.0,0.0,1.0,0.0,46,8,4,10,45,0.2469135802469136,2
266,0.0,0.0,0.2,0.14285714285714285,0.5555555555555556,0.2,1.0,0.16666666666666666,1.0,0.0,46,8,4,10,45,0.36278659611992947,2
267,0.0,0.0,0.1,0.14285714285714285,0.3333333333333333,0.2,1.0,0.16666666666666666,0.0,0.0,46,8,4,10,45,0.21587301587301588,1
268,0.0,0.0,0.1,0.0,0.1111111111111111,0.2,1.0,0.16666666666666666,1.0,0.0,46,8,4,10,45,0.28641975308641976,2
269,0.0,0.0,0.0,0.0,0.3333333333333333,0.0,1.0,0.16666666666666666,1.0,1.0,46,8,4,10,45,0.2777777777777778,3
270,0.0,0.0,0.1,0.2857142857142857,0.2222222222222222,0.2,1.0,0.16666666666666666,1.0,1.0,46,8,4,10,45,0.3305114638447972,3
271,0.0,0.0,0.0,0.14285714285714285,0.3333333333333333,0.0,1.0,1.0,1.0,0.0,46,8,4,10,45,0.3862433862433863,3
272,0.0,0.0,0.0,0.0,0.1111111111111111,0.0,1.0,0.16666666666666666,1.0,0.0,46,8,4,10,45,0.25308641975308643,2
273,0.0,0.0,0.1,0.14285714285714285,0.1111111111111111,0.4,1.0,0.3333333333333333,1.0,1.0,46,8,4,10,45,0.3430335097001763,3
274,0.0,0.0,0.1,0.0,0.6666666666666666,0.2,1.0,0.3333333333333333,1.0,0.0,46,8,4,10,45,0.3666666666666667,2
275,0.0,0.0,0.0,0.0,0.1111111111111111,0.0,1.0,0.0,1.0,0.0,46,8,4,10,45,0.23456790123456792,2
276,0.0,0.0,0.0,0.0,0.0,0.0,1.0,0.0,1.0,0.0,46,8,4,10,45,0.2222222222222222,2
277,0.0,0.0,0.0,0.0,0.0,0.0,1.0,0.0,0.0,0.0,46,8,4,10,45,0.1111111111111111,1
278,0.0,0.0,0.0,0.0,0.0,0.0,1.0,0.0,1.0,0.0,46,8,4,10,45,0.2222222222222222,2
279,0.0,0.0,0.0,0.0,0.4444444444444444,0.0,1.0,0.0,1.0,0.0,46,8,4,10,45,0.271604938271605,2
280,0.0,0.0,0.0,0.0,0.3333333333333333,0.0,1.0,0.16666666666666666,0.0,0.0,46,8,4,10,45,0.16666666666666666,1
281,0.0,0.0,0.0,0.0,0.1111111111111111,0.0,1.0,0.0,1.0,0.0,46,8,4,10,45,0.23456790123456792,2
282,0.0,0.0,0.0,0.0,0.3333333333333333,0.0,1.0,0.16666666666666666,1.0,0.0,46,8,4,10,45,0.2777777777777778,2
283,0.0,0.0,0.0,0.0,0.6666666666666666,0.0,1.0,0.0,0.0,1.0,46,8,4,10,45,0.18518518518518517,2
284,0.0,0.0,0.0,0.0,0.1111111111111111,0.0,1.0,0.5,1.0,0.0,46,8,4,10,45,0.29012345679012347,2
285,0.0,0.0,0.0,0.0,0.3333333333333333,0.0,1.0,0.16666666666666666,1.0,0.0,46,8,4,10,45,0.2777777777777778,2
286,0.0,0.0,0.0,0.0,0.0,0.0,1.0,0.6666666666666666,1.0,0.0,46,8,4,10,45,0.2962962962962963,2
287,0.0,0.0,0.0,0.14285714285714285,0.3333333333333333,0.2,1.0,0.16666666666666666,0.0,0.0,46,8,4,10,45,0.20476190476190478,1
288,0.0,0.0,0.0,0.2857142857142857,0.2222222222222222,0.4,1.0,0.16666666666666666,1.0,0.0,46,8,4,10,45,0.3416225749559083,2
289,0.0,0.0,0.0,0.0,0.2222222222222222,0.2,1.0,0.0,1.0,1.0,46,8,4,10,45,0.2691358024691358,3
290,0.0,0.0,0.1,0.0,0.4444444444444444,0.6,0.0,0.16666666666666666,0.0,0.0,46,8,4,10,45,0.145679012345679,0
291,0.0,0.0,0.1,0.0,0.6666666666666666,0.0,1.0,0.16666666666666666,1.0,0.0,46,8,4,10,45,0.32592592592592595,2
292,0.0,0.0,0.2,0.0,0.6666666666666666,0.2,1.0,0.3333333333333333,1.0,0.0,46,8,4,10,45,0.3777777777777778,2
293,0.0,0.0,0.0,0.0,0.3333333333333333,0.2,1.0,0.16666666666666666,1.0,0.0,46,8,4,10,45,0.30000000000000004,2
294,0.0,0.0,0.0,0.0,0.2222222222222222,0.0,1.0,0.0,0.0,1.0,46,8,4,10,45,0.1358024691358025,2
295,0.0,0.0,0.0,0.0,0.5555555555555556,0.2,1.0,0.16666666666666666,1.0,0.0,46,8,4,10,45,0.3246913580246914,2
296,0.0,0.0,0.0,0.0,0.5555555555555556,0.6,1.0,0.16666666666666666,1.0,0.0,46,8,4,10,45,0.3691358024691358,2
297,0.0,0.0,0.0,0.14285714285714285,0.6666666666666666,0.2,1.0,0.0,1.0,1.0,46,8,4,10,45,0.3343915343915344,3
298,0.0,0.0,0.2,0.0,0.1111111111111111,0.2,1.0,0.16666666666666666,1.0,1.0,46,8,4,10,45,0.2975308641975309,3
299,0.0,0.0,0.0,0.14285714285714285,0.2222222222222222,0.0,1.0,0.5,1.0,0.0,46,8,4,10,45,0.318342151675485,2
300,0.0,0.0,0.0,0.0,0.0,0.0,1.0,0.0,1.0,0.0,46,8,4,10,45,0.2222222222222222,2
301,0.0,0.0,0.0,0.0,0.0,0.0,1.0,0.0,1.0,0.0,46,8,4,10,45,0.2222222222222222,2
302,0.0,0.0,0.0,0.0,0.0,0.0,1.0,0.0,1.0,0.0,46,8,4,10,45,0.2222222222222222,2
303,0.0,0.0,0.0,0.0,0.1111111111111111,0.0,1.0,0.16666666666666666,0.0,0.0,46,8,4,10,45,0.14197530864197533,1
304,0.0,0.0,0.0,0.0,0.1111111111111111,0.0,1.0,0.0,1.0,0.0,46,8,4,10,45,0.23456790123456792,2
305,0.0,0.0,0.0,0.0,0.1111111111111111,0.0,1.0,0.5,1.0,0.0,46,8,4,10,45,0.29012345679012347,2
306,0.0,0.0,0.0,0.0,0.0,0.0,1.0,0.0,1.0,0.0,46,8,4,10,45,0.2222222222222222,2
307,0.0,0.0,0.1,0.14285714285714285,0.0,0.0,1.0,0.0,1.0,0.0,46,8,4,10,45,0.2492063492063492,2
308,0.0,0.0,0.0,0.0,0.2222222222222222,0.0,1.0,0.0,1.0,1.0,46,8,4,10,45,0.2469135802469136,3
309,0.0,0.0,0.0,0.0,0.3333333333333333,0.0,1.0,0.16666666666666666,1.0,0.0,46,8,4,10,45,0.2777777777777778,2
310,0.0,0.0,0.0,0.0,0.3333333333333333,0.0,1.0,0.16666666666666666,1.0,1.0,46,8,4,10,45,0.2777777777777778,3
311,0.0,0.0,0.0,0.0,0.2222222222222222,0.0,1.0,0.3333333333333333,0.0,0.0,46,8,4,10,45,0.1728395061728395,1
312,0.0,0.0,0.0,0.0,0.0,0.0,0.0,0.0,0.0,1.0,46,8,4,10,45,0.0,1
313,0.0,0.0,0.0,0.0,0.1111111111111111,0.0,1.0,0.16666666666666666,1.0,0.0,46,8,4,10,45,0.25308641975308643,2
314,0.0,0.0,0.1,0.0,0.2222222222222222,0.0,1.0,0.0,1.0,1.0,46,8,4,10,45,0.2580246913580247,3
315,0.0,0.0,0.0,0.0,0.0,0.0,1.0,0.0,0.0,0.0,46,8,4,10,45,0.1111111111111111,1
316,0.0,0.0,0.2,0.14285714285714285,0.2222222222222222,0.0,1.0,0.0,1.0,0.0,46,8,4,10,45,0.2850088183421517,2
317,0.0,0.0,0.0,0.0,0.5555555555555556,0.4,1.0,0.3333333333333333,1.0,1.0,46,8,4,10,45,0.3654320987654321,3
318,0.0,0.0,0.0,0.0,0.2222222222222222,0.0,0.0,0.16666666666666666,1.0,0.0,46,8,4,10,45,0.15432098765432098,1
319,0.0,0.0,0.1,0.0,0.1111111111111111,0.6,1.0,0.16666666666666666,0.0,0.0,46,8,4,10,45,0.2197530864197531,1
320,0.0,0.0,0.0,0.0,0.0,0.0,1.0,0.0,1.0,0.0,46,8,4,10,45,0.2222222222222222,2
321,0.0,0.0,0.3,0.0,0.2222222222222222,0.0,1.0,0.3333333333333333,1.0,0.0,46,8,4,10,45,0.3172839506172839,2
322,0.0,0.0,0.0,0.14285714285714285,0.1111111111111111,0.4,1.0,0.3333333333333333,1.0,0.0,46,8,4,10,45,0.33192239858906525,2
323,0.0,0.0,0.0,0.14285714285714285,0.2222222222222222,0.0,1.0,0.16666666666666666,1.0,0.0,46,8,4,10,45,0.281305114638448,2
324,0.0,0.0,0.0,0.0,0.3333333333333333,0.0,1.0,0.3333333333333333,1.0,1.0,46,8,4,10,45,0.2962962962962963,3
325,0.0,0.0,0.0,0.0,0.0,0.0,1.0,0.0,1.0,0.0,46,8,4,10,45,0.2222222222222222,2
326,0.0,0.0,0.0,0.0,0.1111111111111111,0.0,1.0,0.16666666666666666,0.0,0.0,46,8,4,10,45,0.14197530864197533,1
327,0.0,0.0,0.1,0.0,0.1111111111111111,0.0,1.0,0.3333333333333333,1.0,1.0,46,8,4,10,45,0.28271604938271605,3
328,0.0,0.0,0.0,0.0,0.4444444444444444,0.0,1.0,0.16666666666666666,0.0,0.0,46,8,4,10,45,0.17901234567901236,1
329,0.0,0.0,0.0,0.0,0.0,0.0,0.0,0.0,1.0,0.0,46,8,4,10,45,0.1111111111111111,1
330,0.0,0.0,0.0,0.0,0.0,0.0,1.0,0.0,0.0,0.0,46,8,4,10,45,0.1111111111111111,1
331,0.0,0.0,0.0,0.0,0.0,0.0,0.0,0.0,0.0,0.0,46,8,4,10,45,0.0,0
332,0.0,0.0,0.0,0.0,0.1111111111111111,0.4,0.0,0.3333333333333333,1.0,0.0,46,8,4,10,45,0.20493827160493827,1
333,0.0,0.0,0.0,0.14285714285714285,0.0,0.0,1.0,0.16666666666666666,0.0,0.0,46,8,4,10,45,0.1455026455026455,1
334,0.0,0.0,0.1,0.0,0.2222222222222222,0.2,0.0,0.3333333333333333,1.0,0.0,46,8,4,10,45,0.20617283950617285,1
335,0.0,0.0,0.0,0.0,0.0,0.0,0.0,0.0,1.0,0.0,46,8,4,10,45,0.1111111111111111,1
336,0.0,0.0,0.1,0.0,0.2222222222222222,0.4,0.0,0.0,1.0,0.0,46,8,4,10,45,0.19135802469135804,1
337,0.0,0.0,0.0,0.0,0.0,0.2,0.0,0.3333333333333333,1.0,0.0,46,8,4,10,45,0.17037037037037037,1
338,0.0,0.0,0.0,0.14285714285714285,0.1111111111111111,0.0,1.0,0.0,1.0,0.0,46,8,4,10,45,0.25044091710758376,2
339,0.0,0.0,0.0,0.0,0.0,0.2,1.0,0.0,1.0,0.0,46,8,4,10,45,0.24444444444444446,2
340,0.0,0.0,0.0,0.14285714285714285,0.1111111111111111,0.0,0.0,0.0,0.0,0.0,46,8,4,10,45,0.02821869488536155,0
341,0.0,0.0,0.0,0.14285714285714285,0.0,0.2,1.0,0.16666666666666666,1.0,0.0,46,8,4,10,45,0.2788359788359788,2
342,0.0,0.0,0.0,0.0,0.4444444444444444,0.2,1.0,0.5,0.0,0.0,46,8,4,10,45,0.2382716049382716,1
343,0.0,0.0,0.0,0.0,0.2222222222222222,0.6,1.0,0.3333333333333333,1.0,0.0,46,8,4,10,45,0.35061728395061725,2
344,0.0,0.0,0.0,0.0,0.2222222222222222,0.2,0.0,0.3333333333333333,1.0,1.0,46,8,4,10,45,0.19506172839506172,2
345,0.0,0.0,0.0,0.0,0.1111111111111111,0.6,1.0,0.3333333333333333,0.0,1.0,46,8,4,10,45,0.22716049382716047,2
346,0.0,0.0,0.0,0.14285714285714285,0.4444444444444444,1.0,1.0,0.5,1.0,0.0,46,8,4,10,45,0.4541446208112874,3
347,0.0,0.0,0.0,0.0,0.1111111111111111,0.2,1.0,0.5,1.0,1.0,46,8,4,10,45,0.31234567901234567,3
348,0.0,0.0,0.0,0.0,0.0,0.0,1.0,0.0,1.0,1.0,46,8,4,10,45,0.2222222222222222,3
349,0.0,0.0,0.0,0.0,0.2222222222222222,0.4,1.0,0.3333333333333333,1.0,0.0,46,8,4,10,45,0.32839506172839505,2
350,0.0,0.0,0.0,0.0,0.0,0.0,1.0,0.0,1.0,0.0,46,8,4,10,45,0.2222222222222222,2
351,0.0,0.0,0.0,0.0,0.0,0.0,1.0,0.0,0.0,0.0,46,8,4,10,45,0.1111111111111111,1
352,0.0,0.0,0.0,0.0,0.0,0.0,0.0,0.0,0.0,0.0,46,8,4,10,45,0.0,0
353,0.0,0.0,0.0,0.0,0.2222222222222222,0.2,1.0,0.0,0.0,1.0,46,8,4,10,45,0.1580246913580247,2
354,0.0,0.0,0.0,0.0,0.0,0.0,1.0,0.0,1.0,0.0,46,8,4,10,45,0.2222222222222222,2
355,0.0,0.0,0.0,0.0,0.0,0.0,1.0,0.16666666666666666,0.0,0.0,46,8,4,10,45,0.12962962962962965,1
356,0.0,0.0,0.0,0.0,0.0,0.0,1.0,0.0,0.0,0.0,46,8,4,10,45,0.1111111111111111,1
357,0.0,0.0,0.0,0.14285714285714285,0.2222222222222222,0.2,1.0,0.16666666666666666,0.0,0.0,46,8,4,10,45,0.19241622574955908,1
358,0.0,0.0,0.1,0.0,0.2222222222222222,0.0,1.0,0.16666666666666666,1.0,0.0,46,8,4,10,45,0.27654320987654324,2
359,0.0,0.0,0.0,0.0,0.1111111111111111,0.0,0.0,0.0,0.0,1.0,46,8,4,10,45,0.012345679012345678,1
360,0.0,0.0,0.0,0.0,0.0,0.0,1.0,0.0,1.0,0.0,46,8,4,10,45,0.2222222222222222,2
361,0.0,0.0,0.0,0.0,0.4444444444444444,0.0,1.0,1.0,0.0,0.0,46,8,4,10,45,0.271604938271605,2
362,0.0,0.0,0.0,0.0,0.3333333333333333,0.2,1.0,0.0,0.0,1.0,46,8,4,10,45,0.17037037037037037,2
363,0.0,0.0,0.0,0.0,0.0,0.0,1.0,0.16666666666666666,1.0,0.0,46,8,4,10,45,0.24074074074074078,2
364,0.0,0.0,0.0,0.0,0.3333333333333333,0.0,1.0,0.3333333333333333,1.0,0.0,46,8,4,10,45,0.2962962962962963,2
365,0.0,0.0,0.0,0.0,0.2222222222222222,0.2,1.0,0.0,0.0,0.0,46,8,4,10,45,0.1580246913580247,1
366,0.0,0.0,0.0,0.0,0.0,0.0,1.0,0.0,1.0,0.0,46,8,4,10,45,0.2222222222222222,2
367,0.0,0.0,0.0,0.0,0.1111111111111111,0.0,0.0,0.16666666666666666,1.0,0.0,46,8,4,10,45,0.1419753086419753,1
368,0.0,0.0,0.0,0.0,0.3333333333333333,0.2,1.0,0.3333333333333333,1.0,1.0,46,8,4,10,45,0.31851851851851853,3
369,0.0,0.0,0.0,0.0,0.1111111111111111,0.8,1.0,0.3333333333333333,1.0,0.0,46,8,4,10,45,0.36049382716049383,2
370,0.0,0.0,0.0,0.14285714285714285,0.2222222222222222,0.4,1.0,0.5,1.0,0.0,46,8,4,10,45,0.36278659611992947,2
371,0.0,0.0,0.0,0.14285714285714285,0.5555555555555556,0.6,1.0,0.5,1.0,1.0,46,8,4,10,45,0.4220458553791887,3
372,0.0,0.0,0.1,0.0,0.7777777777777778,0.4,1.0,0.16666666666666666,1.0,0.0,46,8,4,10,45,0.3827160493827161,2
373,0.0,0.0,0.0,0.0,1.0,0.0,1.0,0.3333333333333333,1.0,1.0,46,8,4,10,45,0.37037037037037035,4
374,0.0,0.0,0.1,0.0,0.1111111111111111,0.2,1.0,0.3333333333333333,1.0,0.0,46,8,4,10,45,0.30493827160493825,2
375,0.0,0.0,0.0,0.0,0.0,0.0,1.0,0.0,1.0,1.0,46,8,4,10,45,0.2222222222222222,3
376,0.0,0.0,0.0,0.0,0.0,0.0,0.0,0.0,0.0,0.0,46,8,4,10,45,0.0,0
377,0.0,0.0,0.0,0.0,0.1111111111111111,0.0,1.0,0.16666666666666666,1.0,0.0,46,8,4,10,45,0.25308641975308643,2
378,0.0,0.0,0.0,0.0,0.0,0.0,1.0,0.0,1.0,0.0,46,8,4,10,45,0.2222222222222222,2
379,0.0,0.0,0.0,0.14285714285714285,0.1111111111111111,0.2,1.0,0.0,1.0,0.0,46,8,4,10,45,0.272663139329806,2
380,0.0,0.0,0.0,0.0,0.0,0.0,1.0,0.0,1.0,0.0,46,8,4,10,45,0.2222222222222222,2
381,0.0,0.0,0.0,0.0,0.0,0.0,1.0,0.0,1.0,0.0,46,8,4,10,45,0.2222222222222222,2
382,0.0,0.0,0.0,0.0,0.0,0.0,1.0,0.0,1.0,0.0,46,8,4,10,45,0.2222222222222222,2
383,0.0,0.0,0.2,0.14285714285714285,0.3333333333333333,0.2,1.0,0.16666666666666666,1.0,0.0,46,8,4,10,45,0.3380952380952381,2
384,0.0,0.0,0.0,0.0,0.0,0.0,0.0,0.16666666666666666,0.0,0.0,46,8,4,10,45,0.018518518518518517,0
385,0.0,0.0,0.0,0.0,0.2222222222222222,0.0,1.0,0.16666666666666666,1.0,0.0,46,8,4,10,45,0.2654320987654321,2
386,0.0,0.0,0.0,0.0,0.2222222222222222,0.2,1.0,0.16666666666666666,0.0,0.0,46,8,4,10,45,0.17654320987654323,1
387,0.0,0.0,0.1,0.0,0.6666666666666666,0.0,0.0,0.16666666666666666,1.0,0.0,46,8,4,10,45,0.2148148148148148,1
388,0.0,0.0,0.0,0.0,0.1111111111111111,0.0,1.0,0.16666666666666666,1.0,0.0,46,8,4,10,45,0.25308641975308643,2
389,0.0,0.0,0.0,0.0,0.5555555555555556,0.2,1.0,0.16666666666666666,1.0,1.0,46,8,4,10,45,0.3246913580246914,3
390,0.0,0.0,0.0,0.0,0.0,0.0,0.0,0.0,1.0,0.0,46,8,4,10,45,0.1111111111111111,1
391,0.0,0.0,0.0,0.0,0.5555555555555556,0.4,1.0,0.16666666666666666,0.0,0.0,46,8,4,10,45,0.23580246913580247,1
392,0.0,0.0,0.0,0.0,0.2222222222222222,0.2,1.0,0.8333333333333334,1.0,1.0,46,8,4,10,45,0.3617283950617284,3
393,0.0,0.0,0.0,0.0,0.4444444444444444,0.2,1.0,0.16666666666666666,1.0,0.0,46,8,4,10,45,0.31234567901234567,2
394,0.0,0.0,0.0,0.0,0.3333333333333333,0.4,1.0,0.0,0.0,0.0,46,8,4,10,45,0.1925925925925926,1
395,0.0,0.0,0.0,0.14285714285714285,0.8888888888888888,0.2,0.0,0.3333333333333333,1.0,1.0,46,8,4,10,45,0.28500881834215164,2
396,0.0,0.0,0.0,0.0,0.1111111111111111,0.0,1.0,0.5,1.0,0.0,46,8,4,10,45,0.29012345679012347,2
397,0.0,0.0,0.0,0.0,0.1111111111111111,0.2,1.0,0.0,1.0,1.0,46,8,4,10,45,0.2567901234567901,3
398,0.0,0.0,0.1,0.14285714285714285,0.7777777777777778,0.4,1.0,0.5,1.0,0.0,46,8,4,10,45,0.435626102292769,2
399,0.0,0.0,0.0,0.14285714285714285,0.4444444444444444,0.0,1.0,0.8333333333333334,1.0,0.0,46,8,4,10,45,0.3800705467372134,2
400,0.0,0.0,0.0,0.0,0.0,0.0,1.0,0.0,1.0,0.0,46,8,4,10,45,0.2222222222222222,2
401,0.0,0.0,0.0,0.0,0.3333333333333333,0.0,1.0,0.0,1.0,0.0,46,8,4,10,45,0.25925925925925924,2
402,0.0,0.0,0.0,0.0,0.0,0.0,1.0,0.16666666666666666,1.0,1.0,46,8,4,10,45,0.24074074074074078,3
403,0.0,0.0,0.0,0.0,0.0,0.0,1.0,0.0,1.0,0.0,46,8,4,10,45,0.2222222222222222,2
404,0.0,0.0,0.0,0.0,0.0,0.0,1.0,0.0,1.0,0.0,46,8,4,10,45,0.2222222222222222,2
405,0.0,0.0,0.0,0.0,0.0,0.0,1.0,0.0,1.0,0.0,46,8,4,10,45,0.2222222222222222,2
406,0.0,0.0,0.0,0.0,0.0,0.0,1.0,0.0,1.0,0.0,46,8,4,10,45,0.2222222222222222,2
407,0.0,0.0,0.0,0.0,0.1111111111111111,0.0,1.0,0.0,1.0,0.0,46,8,4,10,45,0.23456790123456792,2
408,0.0,0.0,0.0,0.0,0.0,0.2,0.0,0.16666666666666666,1.0,0.0,46,8,4,10,45,0.15185185185185185,1
409,0.0,0.0,0.0,0.0,0.0,0.0,1.0,0.0,0.0,0.0,46,8,4,10,45,0.1111111111111111,1
410,0.0,0.0,0.0,0.0,0.1111111111111111,0.0,1.0,0.0,1.0,0.0,46,8,4,10,45,0.23456790123456792,2
411,0.0,0.0,0.1,0.14285714285714285,0.1111111111111111,0.2,1.0,0.16666666666666666,1.0,0.0,46,8,4,10,45,0.30229276895943563,2
412,0.0,0.0,0.0,0.0,0.2222222222222222,0.0,1.0,0.3333333333333333,1.0,0.0,46,8,4,10,45,0.2839506172839506,2
413,0.0,0.0,0.1,0.0,0.0,0.0,0.0,0.3333333333333333,1.0,0.0,46,8,4,10,45,0.15925925925925927,1
414,0.0,0.0,0.0,0.0,0.0,0.0,0.0,0.0,1.0,1.0,46,8,4,10,45,0.1111111111111111,2
415,0.0,0.0,0.0,0.0,0.2222222222222222,0.0,0.0,0.16666666666666666,1.0,1.0,46,8,4,10,45,0.15432098765432098,2
416,0.0,0.0,0.1,0.0,0.3333333333333333,0.0,1.0,0.0,1.0,0.0,46,8,4,10,45,0.27037037037037037,2
417,0.0,0.0,0.0,0.0,0.1111111111111111,0.0,1.0,0.3333333333333333,1.0,0.0,46,8,4,10,45,0.271604938271605,2
418,0.0,0.0,0.0,0.14285714285714285,0.8888888888888888,0.4,1.0,0.16666666666666666,0.0,1.0,46,8,4,10,45,0.2887125220458554,2
419,0.0,0.0,0.0,0.14285714285714285,0.4444444444444444,0.0,0.0,0.16666666666666666,1.0,0.0,46,8,4,10,45,0.1948853615520282,1
420,0.0,0.0,0.0,0.14285714285714285,0.1111111111111111,0.2,1.0,0.16666666666666666,1.0,0.0,46,8,4,10,45,0.2911816578483245,2
421,0.0,0.0,0.1,0.0,0.3333333333333333,0.4,1.0,0.3333333333333333,1.0,1.0,46,8,4,10,45,0.35185185185185186,3
422,0.0,0.0,0.0,0.0,0.5555555555555556,0.2,1.0,0.16666666666666666,1.0,0.0,46,8,4,10,45,0.3246913580246914,2
423,0.0,0.0,0.0,0.0,0.2222222222222222,0.0,1.0,0.0,1.0,0.0,46,8,4,10,45,0.2469135802469136,2
424,0.0,0.0,0.0,0.0,0.2222222222222222,0.0,1.0,0.3333333333333333,1.0,0.0,46,8,4,10,45,0.2839506172839506,2
425,0.0,0.0,0.0,0.14285714285714285,0.6666666666666666,0.4,1.0,0.3333333333333333,1.0,0.0,46,8,4,10,45,0.39365079365079364,2
426,0.0,0.0,0.0,0.14285714285714285,0.2222222222222222,0.0,1.0,0.0,1.0,0.0,46,8,4,10,45,0.26278659611992944,2
427,0.0,0.0,0.0,0.0,0.0,0.0,1.0,0.16666666666666666,0.0,0.0,46,8,4,10,45,0.12962962962962965,1
428,0.0,0.0,0.1,0.0,0.0,0.0,1.0,0.0,1.0,0.0,46,8,4,10,45,0.23333333333333334,2
429,0.0,0.0,0.0,0.0,0.0,0.0,1.0,0.0,1.0,0.0,46,8,4,10,45,0.2222222222222222,2
430,0.0,0.0,0.0,0.0,0.0,0.0,1.0,0.0,1.0,0.0,46,8,4,10,45,0.2222222222222222,2
431,0.0,0.0,0.1,0.0,0.1111111111111111,0.4,1.0,0.16666666666666666,1.0,0.0,46,8,4,10,45,0.30864197530864196,2
432,0.0,0.0,0.0,0.0,0.4444444444444444,0.0,1.0,0.0,1.0,0.0,46,8,4,10,45,0.271604938271605,2
433,0.0,0.0,0.0,0.0,0.3333333333333333,0.0,0.0,0.0,1.0,0.0,46,8,4,10,45,0.14814814814814814,1
434,0.0,0.0,0.1,0.0,0.1111111111111111,0.2,1.0,0.0,0.0,0.0,46,8,4,10,45,0.15679012345679014,1
435,0.0,0.0,0.0,0.14285714285714285,0.3333333333333333,0.4,1.0,0.0,1.0,0.0,46,8,4,10,45,0.31957671957671957,2
436,0.0,0.0,0.0,0.0,0.1111111111111111,0.0,1.0,0.0,1.0,0.0,46,8,4,10,45,0.23456790123456792,2
437,0.0,0.0,0.1,0.0,0.4444444444444444,0.0,1.0,0.0,0.0,0.0,46,8,4,10,45,0.17160493827160495,1
438,0.0,0.0,0.0,0.0,0.1111111111111111,0.0,0.0,0.16666666666666666,1.0,0.0,46,8,4,10,45,0.1419753086419753,1
439,0.0,0.0,0.0,0.14285714285714285,0.0,0.0,1.0,0.5,1.0,0.0,46,8,4,10,45,0.29365079365079366,2
440,0.0,0.0,0.1,0.14285714285714285,0.4444444444444444,0.2,1.0,0.6666666666666666,1.0,1.0,46,8,4,10,45,0.3948853615520282,3
441,0.0,0.0,0.1,0.0,0.1111111111111111,0.4,1.0,0.0,0.0,0.0,46,8,4,10,45,0.17901234567901236,1
442,0.0,0.0,0.0,0.14285714285714285,0.3333333333333333,0.2,1.0,0.5,1.0,0.0,46,8,4,10,45,0.3529100529100529,2
443,0.0,0.0,0.0,0.0,0.1111111111111111,0.0,1.0,0.5,1.0,0.0,46,8,4,10,45,0.29012345679012347,2
444,0.0,0.0,0.0,0.0,0.3333333333333333,0.0,0.0,0.0,1.0,0.0,46,8,4,10,45,0.14814814814814814,1
445,0.0,0.0,0.0,0.0,0.0,0.0,1.0,0.16666666666666666,0.0,0.0,46,8,4,10,45,0.12962962962962965,1
446,0.0,0.0,0.1,0.0,0.1111111111111111,0.2,1.0,0.16666666666666666,1.0,0.0,46,8,4,10,45,0.28641975308641976,2
447,0.0,0.0,0.1,0.0,0.4444444444444444,0.2,1.0,0.16666666666666666,1.0,1.0,46,8,4,10,45,0.32345679012345685,3
448,0.0,0.0,0.0,0.0,0.2222222222222222,0.6,1.0,0.3333333333333333,1.0,0.0,46,8,4,10,45,0.35061728395061725,2
449,0.0,0.0,0.0,0.14285714285714285,0.2222222222222222,0.0,0.0,0.16666666666666666,1.0,0.0,46,8,4,10,45,0.17019400352733685,1
450,0.0,0.0,0.1,0.0,0.3333333333333333,0.2,1.0,0.16666666666666666,1.0,0.0,46,8,4,10,45,0.3111111111111111,2
451,0.0,0.0,0.0,0.14285714285714285,0.0,0.2,1.0,0.0,1.0,0.0,46,8,4,10,45,0.2603174603174603,2
452,0.0,0.0,0.0,0.0,0.0,0.0,1.0,0.16666666666666666,1.0,0.0,46,8,4,10,45,0.24074074074074078,2
453,0.0,0.0,0.0,0.0,0.0,0.0,1.0,0.0,1.0,0.0,46,8,4,10,45,0.2222222222222222,2
454,0.0,0.0,0.0,0.0,0.1111111111111111,0.2,1.0,0.0,1.0,0.0,46,8,4,10,45,0.2567901234567901,2
455,0.0,0.0,0.0,0.0,0.0,0.0,1.0,0.0,1.0,0.0,46,8,4,10,45,0.2222222222222222,2
456,0.0,0.0,0.0,0.14285714285714285,0.3333333333333333,0.0,1.0,0.16666666666666666,0.0,0.0,46,8,4,10,45,0.18253968253968253,1
457,0.0,0.0,0.0,0.0,0.3333333333333333,0.2,1.0,0.0,1.0,1.0,46,8,4,10,45,0.28148148148148144,3
458,0.0,0.0,0.0,0.0,0.0,0.0,1.0,0.0,1.0,0.0,46,8,4,10,45,0.2222222222222222,2
459,0.0,0.0,0.0,0.0,0.0,0.0,1.0,0.16666666666666666,1.0,0.0,46,8,4,10,45,0.24074074074074078,2
460,0.0,0.0,0.0,0.0,0.1111111111111111,0.0,1.0,0.16666666666666666,1.0,0.0,46,8,4,10,45,0.25308641975308643,2
461,0.0,0.0,0.1,0.0,0.3333333333333333,0.2,1.0,0.5,1.0,1.0,46,8,4,10,45,0.34814814814814815,3
462,0.0,0.0,0.0,0.0,0.1111111111111111,0.4,1.0,0.3333333333333333,0.0,0.0,46,8,4,10,45,0.20493827160493827,1
463,0.0,0.0,0.0,0.0,0.0,0.0,1.0,0.0,1.0,1.0,46,8,4,10,45,0.2222222222222222,3
464,0.0,0.0,0.0,0.0,0.2222222222222222,0.2,1.0,0.0,1.0,1.0,46,8,4,10,45,0.2691358024691358,3
465,0.0,0.0,0.0,0.14285714285714285,0.1111111111111111,0.0,1.0,0.3333333333333333,0.0,0.0,46,8,4,10,45,0.1763668430335097,1
466,0.0,0.0,0.0,0.0,0.0,0.0,1.0,0.0,1.0,0.0,46,8,4,10,45,0.2222222222222222,2
467,0.0,0.0,0.1,0.0,0.5555555555555556,0.0,0.0,0.5,0.0,0.0,46,8,4,10,45,0.12839506172839507,0
468,0.0,0.0,0.1,0.0,0.0,0.2,1.0,0.0,1.0,0.0,46,8,4,10,45,0.25555555555555554,2
469,0.0,0.0,0.0,0.14285714285714285,0.2222222222222222,0.0,1.0,0.3333333333333333,1.0,1.0,46,8,4,10,45,0.2998236331569665,3
470,0.0,0.0,0.0,0.0,0.7777777777777778,0.2,1.0,0.3333333333333333,1.0,0.0,46,8,4,10,45,0.3679012345679012,2
471,0.0,0.0,0.0,0.0,0.5555555555555556,0.2,1.0,0.5,1.0,0.0,46,8,4,10,45,0.3617283950617284,2
472,0.0,0.0,0.0,0.0,0.4444444444444444,0.2,1.0,0.5,1.0,0.0,46,8,4,10,45,0.3493827160493827,2
473,0.0,0.0,0.1,0.0,0.3333333333333333,0.4,1.0,0.3333333333333333,0.0,0.0,46,8,4,10,45,0.24074074074074073,1
474,0.0,0.0,0.0,0.0,0.2222222222222222,0.0,1.0,0.16666666666666666,1.0,0.0,46,8,4,10,45,0.2654320987654321,2
475,0.0,0.0,0.0,0.0,0.3333333333333333,0.2,1.0,0.3333333333333333,1.0,1.0,46,8,4,10,45,0.31851851851851853,3
476,0.0,0.0,0.0,0.0,0.1111111111111111,0.0,1.0,0.16666666666666666,1.0,0.0,46,8,4,10,45,0.25308641975308643,2
477,0.0,0.0,0.0,0.0,0.1111111111111111,0.2,1.0,0.16666666666666666,1.0,0.0,46,8,4,10,45,0.27530864197530863,2
478,0.0,0.0,0.0,0.0,0.0,0.0,1.0,0.0,1.0,0.0,46,8,4,10,45,0.2222222222222222,2
479,0.0,0.0,0.0,0.0,0.1111111111111111,0.2,1.0,0.5,0.0,0.0,46,8,4,10,45,0.20123456790123456,1
480,0.0,0.0,0.0,0.0,0.2222222222222222,0.2,1.0,0.16666666666666666,1.0,0.0,46,8,4,10,45,0.2876543209876543,2
481,0.0,0.0,0.0,0.0,0.0,0.0,1.0,0.0,0.0,0.0,46,8,4,10,45,0.1111111111111111,1
482,0.0,0.0,0.0,0.0,0.0,0.0,1.0,0.0,0.0,0.0,46,8,4,10,45,0.1111111111111111,1
483,0.0,0.0,0.0,0.0,0.3333333333333333,0.0,0.0,0.0,0.0,0.0,46,8,4,10,45,0.037037037037037035,0
484,0.0,0.0,0.0,0.0,0.3333333333333333,0.0,1.0,0.16666666666666666,1.0,0.0,46,8,4,10,45,0.2777777777777778,2
485,0.0,0.0,0.0,0.0,0.0,0.0,1.0,0.0,0.0,0.0,46,8,4,10,45,0.1111111111111111,1
486,0.0,0.0,0.0,0.0,0.4444444444444444,0.4,1.0,0.0,0.0,1.0,46,8,4,10,45,0.20493827160493827,2
487,0.0,0.0,0.0,0.0,0.4444444444444444,0.4,0.0,0.5,0.0,0.0,46,8,4,10,45,0.14938271604938272,0
488,0.0,0.0,0.0,0.0,0.1111111111111111,0.0,1.0,0.0,0.0,0.0,46,8,4,10,45,0.1234567901234568,1
489,0.0,0.0,0.0,0.0,0.3333333333333333,0.0,1.0,0.3333333333333333,1.0,0.0,46,8,4,10,45,0.2962962962962963,2
490,0.0,0.0,0.0,0.0,0.3333333333333333,0.0,0.0,0.16666666666666666,1.0,0.0,46,8,4,10,45,0.16666666666666666,1
491,0.0,0.0,0.0,0.0,0.2222222222222222,0.2,1.0,0.16666666666666666,1.0,0.0,46,8,4,10,45,0.2876543209876543,2
492,0.0,0.0,0.0,0.2857142857142857,0.2222222222222222,0.2,0.0,0.0,1.0,0.0,46,8,4,10,45,0.18977072310405643,1
493,0.0,0.0,0.0,0.14285714285714285,0.5555555555555556,0.4,1.0,0.6666666666666666,1.0,1.0,46,8,4,10,45,0.418342151675485,3
494,0.0,0.0,0.1,0.0,0.1111111111111111,0.0,0.0,0.16666666666666666,1.0,0.0,46,8,4,10,45,0.15308641975308643,1
495,0.0,0.0,0.0,0.2857142857142857,0.2222222222222222,0.2,0.0,0.16666666666666666,1.0,0.0,46,8,4,10,45,0.20828924162257495,1
496,0.0,0.0,0.0,0.0,0.1111111111111111,0.0,0.0,0.0,1.0,0.0,46,8,4,10,45,0.1234567901234568,1
497,0.0,0.0,0.0,0.0,0.2222222222222222,0.6,1.0,0.5,0.0,0.0,46,8,4,10,45,0.25802469135802464,1
498,0.0,0.0,0.0,0.0,0.5555555555555556,0.2,0.0,0.3333333333333333,1.0,0.0,46,8,4,10,45,0.23209876543209873,1
499,0.0,0.0,0.0,0.0,0.0,0.0,1.0,0.6666666666666666,1.0,0.0,46,8,4,10,45,0.2962962962962963,2
500,0.0,0.0,0.0,0.0,1.0,0.0,1.0,1.0,1.0,0.0,46,8,4,10,45,0.4444444444444444,4
